Title,Reader_num,category,borrowing_duration
EXERCICES CORRIGÉS D'ANALYSE : 1ÈRE ANNÉE LMD,5817912,1,15
EXERCICES D'ALGÈBRE ET D'ANALYSE : 154 EXERCICES CORRIGÉS DE PREMIÉRE ANNÉE 21 ÉDITION ENTIÉREMENT REVUE ET AUGMENTÉE,5754033,1,17
EXERCICES D'ALGÈBRE ET D'ANALYSE : 154 EXERCICES CORRIGÉS DE PREMIÉRE ANNÉE 21 ÉDITION ENTIÉREMENT REVUE ET AUGMENTÉE,5113394,1,15
EXERCICES D'ALGÈBRE ET D'ANALYSE : 154 EXERCICES CORRIGÉS DE PREMIÉRE ANNÉE 21 ÉDITION ENTIÉREMENT REVUE ET AUGMENTÉE,6092419,1,15
EXERCICES ET PROBLÈMES D'ALGORITHMIQUE : 144 ÉNONCÉS AVEC SOLUTIONS DÉTAILLÉES,8354464,3,7
MATHÉMATIQUES : MÉTHODES ET EXERCICES MP,6747275,3,7
"MATHÉMATIQUES, EC 1RE ANNÉE : TOUT-EN-UN : COURS ET EXERCICES",33,0,16
MATHS PCSI-PTSI,6243736,1,15
MATHS PCSI-PTSI,5868325,1,15
MATHS PCSI-PTSI : 1RE ANNÉE,3825689,2,11
"MATHS, MPSI",6195856,1,15
"MATHS, MPSI",4846540,1,17
MATHÉMATIQUES MPSI,6002367,1,15
"ALGÈBRE : PREMIERS PAS EN PRÉPA : 1RE ANNÉE, PRÉPA SCIENTIFIQUE, MATHÉMATIQUES",11785637,3,7
"ALGÈBRE : PREMIERS PAS EN PRÉPA : 1RE ANNÉE, PRÉPA SCIENTIFIQUE, MATHÉMATIQUES",6499597,1,15
"TOUTES LES MATHÉMATIQUES, MP : 1RE PARTIE, LE KIT DE SURVIE, 2E PARTIE, DES CERISES SUR LE GÂTEAU",33,0,16
COURS ÉLÉMENTAIRE DE TOPOGRAPHIE,5262108,1,15
BASES DE DONNÉES,3753569,2,15
SIMULATION NUMÉRIQUE EN C++ : COURS ET EXERCICES CORRIGÉS,3984959,2,11
ALGORITHMIQUE : COURS ET EXERCICES CORRIGÉS,3802346,2,11
ALGORITHMIQUE : COURS ET EXERCICES CORRIGÉS,6243736,1,15
C-C++ LA BIBLE DU PROGRAMMEUR : 1500 ASTUCES POUR TOUTES LES SITUATIONS,5936748,1,15
C-C++ LA BIBLE DU PROGRAMMEUR : 1500 ASTUCES POUR TOUTES LES SITUATIONS,5094669,1,15
C-C++ LA BIBLE DU PROGRAMMEUR : 1500 ASTUCES POUR TOUTES LES SITUATIONS,1138472,3,7
INITIATION À SQL : COURS ET EXERCICES CORRIGÉS,7363096,4,10
JAVA-XML,3900804,2,15
COMMENT PROGRAMMER EN C++,5900148,1,15
COMMENT PROGRAMMER EN C++,5214227,1,15
ALGORITHMIQUE ET PROGRAMMATION EN JAVA : COURS ET EXERCICES,5896724,1,15
S.E.M. 300 PAR SES EXAMENS T.1 : ANALYSE ET ALGÈBRE DE PREMIÈRE ANNÉE DES UNIVERSITÉS ET GRANDES ÉCOLES SCIENTIFIQUES,4881528,1,15
S.E.M. 300 PAR SES EXAMENS T.1 : ANALYSE ET ALGÈBRE DE PREMIÈRE ANNÉE DES UNIVERSITÉS ET GRANDES ÉCOLES SCIENTIFIQUES,5830343,1,15
S.E.M. 300 PAR SES EXAMENS T.1 : ANALYSE ET ALGÈBRE DE PREMIÈRE ANNÉE DES UNIVERSITÉS ET GRANDES ÉCOLES SCIENTIFIQUES,4840143,1,15
S.E.M. 300 PAR SES EXAMENS T.1 : ANALYSE ET ALGÈBRE DE PREMIÈRE ANNÉE DES UNIVERSITÉS ET GRANDES ÉCOLES SCIENTIFIQUES,5868325,1,15
ARCHITECTURE ET TECHNOLOGIE DES ORDINATEURS,3875201,2,10
"ALGÈBRE GÉNÉRALE : RAPPELS DE COURS, QUESTIONS DE RÉFLEXION, EXERCICES D'ENTRAÎNEMENT",5725866,1,15
"ANALYSE II POUR ÉCONOMISTES : MANUEL D'EXERCICES CORRIGÉS AVEC RAPPELS DE COURS : INTÉGRALES DOUBLES, ÉQUATIONS DIFFÉRENTIELLES...",3789766,2,15
MATHÉMATIQUE DISCRÈTE : OUTIL POUR L'INFORMATICIEN,4714580,1,15
EXERCICES EN LANGAGE C++,5935766,1,15
INTRODUCTION A L'ARCHITECTURE DES ORDINATEURS,3786545,4,11
INTRODUCTION A L'ARCHITECTURE DES ORDINATEURS,3981061,2,15
INTRODUCTION A L'ARCHITECTURE DES ORDINATEURS,5371721,1,15
INTRODUCTION A L'ARCHITECTURE DES ORDINATEURS,3902244,1,17
MATHÉMATIQUES RAPPELS ET COURS EXERCICES RÉSOLUS,5757575,1,17
S.E.M 300 PAR SES EXAMENS TOME2 : ANALYSE ET ALGÉBRE DE PREMIÉRE ANNÉE DES UNIVERSITÉS ET GRNDES ECOLES SCIENTIFIQUES,5855182,1,15
TOUT SUR R : ENSEMBLE DES NOMBRES REELS STRUCTURES ALGEBRIQUE ET TOPOLOGIQUE,7770364,3,7
DE MES CAHIERS D’ANALYSE…SUITES NUMERIQUES : COURS DETAILLE ET EXERCICES RESOLUS,3900209,2,10
DE MES CAHIERS D’ANALYSE…SUITES NUMERIQUES : COURS DETAILLE ET EXERCICES RESOLUS,8343576,3,7
DE MES CAHIERS D’ANALYSE…SUITES NUMERIQUES : COURS DETAILLE ET EXERCICES RESOLUS,7582859,3,7
DE MES CAHIERS D’ANALYSE…SUITES NUMERIQUES : COURS DETAILLE ET EXERCICES RESOLUS,3833072,3,7
DE MES CAHIERS D’ANALYSE…SUITES NUMERIQUES : COURS DETAILLE ET EXERCICES RESOLUS,5852331,3,7
MATHÉMATIQUES T.2 : FONCTIONS DE PLUSIEURS VARIABLES RÉELLES,3884256,3,7
"DE MES CAHIERS D’ANALYSE… FONCTIONS RÉELLES D’UNE VARIABLE RÉELLE : LIMITES, CONTINUITÉ ET.. COURS DÉTAILLÉ ET EXERCICES RÉSOLUS",5852331,3,7
"FONCTIONS RÉELLES D'UNE VARIABLE RÉELLE : DÉRIVABILITÉ, DÉRIVÉES, DÉVELOPPEMENTS LIMITÉS",3820658,3,7
"FONCTIONS RÉELLES D'UNE VARIABLE RÉELLE : DÉRIVABILITÉ, DÉRIVÉES, DÉVELOPPEMENTS LIMITÉS",1244929,3,7
"FONCTIONS RÉELLES D'UNE VARIABLE RÉELLE : DÉRIVABILITÉ, DÉRIVÉES, DÉVELOPPEMENTS LIMITÉS",1308365,3,7
"DE MES CAHIERS D’ANALYSE.. INTÉGRALE DE RIEMANN, CALCUL DE PRIMITIVES, INTÉGRALES IMPROPRES, COURS DÉTAILLÉ ET EXERCICES RÉSOLUS",3932445,3,7
"DE MES CAHIERS D’ANALYSE.. INTÉGRALE DE RIEMANN, CALCUL DE PRIMITIVES, INTÉGRALES IMPROPRES, COURS DÉTAILLÉ ET EXERCICES RÉSOLUS",1244929,3,7
DE MES CAHIERS D’ANALYSE… ÉQUATIONS DIFFÉRENTIELLES ORDINAIRES DU PREMIER ET SECOND ORDRE : ASSISE THÉORIQUE ET APPLICATIONS COURS DÉTAILLÉ ET EXERCICES RÉSOLUS,11670901,3,7
"FONCTIONS DE PLUSIEURS VARIABLES RELLES : IMITES,CONTINUITE,DIFFERENTIABILITÉ ET.... COURS DÉTAILLÉ ET EXERCICES RÉSOLUS",3937577,2,15
"FONCTIONS DE PLUSIEURS VARIABLES RELLES : IMITES,CONTINUITE,DIFFERENTIABILITÉ ET.... COURS DÉTAILLÉ ET EXERCICES RÉSOLUS",3833483,3,17
"FONCTIONS DE PLUSIEURS VARIABLES RELLES : IMITES,CONTINUITE,DIFFERENTIABILITÉ ET.... COURS DÉTAILLÉ ET EXERCICES RÉSOLUS",1322891,2,15
"FONCTIONS DE PLUSIEURS VARIABLES RELLES : IMITES,CONTINUITE,DIFFERENTIABILITÉ ET.... COURS DÉTAILLÉ ET EXERCICES RÉSOLUS",3828193,2,15
"FONCTIONS DE PLUSIEURS VARIABLES RELLES : IMITES,CONTINUITE,DIFFERENTIABILITÉ ET.... COURS DÉTAILLÉ ET EXERCICES RÉSOLUS",3823155,2,17
"FONCTIONS DE PLUSIEURS VARIABLES RELLES : IMITES,CONTINUITE,DIFFERENTIABILITÉ ET.... COURS DÉTAILLÉ ET EXERCICES RÉSOLUS",3833072,3,7
"FONCTIONS DE PLUSIEURS VARIABLES RELLES : IMITES,CONTINUITE,DIFFERENTIABILITÉ ET.... COURS DÉTAILLÉ ET EXERCICES RÉSOLUS",3844029,2,15
"FONCTIONS DE PLUSIEURS VARIABLES RELLES : IMITES,CONTINUITE,DIFFERENTIABILITÉ ET.... COURS DÉTAILLÉ ET EXERCICES RÉSOLUS",3779239,2,15
"FONCTIONS DE PLUSIEURS VARIABLES RELLES : IMITES,CONTINUITE,DIFFERENTIABILITÉ ET.... COURS DÉTAILLÉ ET EXERCICES RÉSOLUS",3786545,4,11
ALGEBRE 1 : RAPPELS DE COURS ET EXERCICES AVEC SOLUTIONS,5803036,1,15
ALGEBRE 1 : RAPPELS DE COURS ET EXERCICES AVEC SOLUTIONS,4712505,1,17
ALGEBRE 1 : RAPPELS DE COURS ET EXERCICES AVEC SOLUTIONS,6487960,1,15
ALGEBRE 1 : RAPPELS DE COURS ET EXERCICES AVEC SOLUTIONS,4766304,1,15
ANALYSE 2 : RAPPELS DE COURS ET EXERCICES AVEC SOLUTIONS,3900804,2,15
PROBABILITES : RAPPELS DE COURS ET EXERCICES CORRIGES,10169209,2,15
PROBABILITES : RAPPELS DE COURS ET EXERCICES CORRIGES,4042198,2,15
PROBABILITES : RAPPELS DE COURS ET EXERCICES CORRIGES,3788291,2,15
PROBABILITES : RAPPELS DE COURS ET EXERCICES CORRIGES,11904505,2,15
PROBABILITES : RAPPELS DE COURS ET EXERCICES CORRIGES,3843354,2,15
PROBABILITES : RAPPELS DE COURS ET EXERCICES CORRIGES,3892332,3,15
PROBABILITES : RAPPELS DE COURS ET EXERCICES CORRIGES,1321034,2,15
PROBABILITES : RAPPELS DE COURS ET EXERCICES CORRIGES,3796300,3,22
PROBABILITES : RAPPELS DE COURS ET EXERCICES CORRIGES,3942847,2,22
PROBABILITES : RAPPELS DE COURS ET EXERCICES CORRIGES,5911829,2,15
ANALYSE MATHEMATIQUE : EXERCICES CORRIGES,8343576,3,7
ANALYSE MATHEMATIQUE : EXERCICES CORRIGES,11700359,3,7
ANALYSE MATHEMATIQUE : EXERCICES CORRIGES,12225988,1,15
"ALGÈBRE ET GÉOMÉTRIE : 200 EXERCICES DÉVELOPPÉS, 980EXERCICES D'ENTRAONEMENT, RAPPELS DE COURS",5026541,1,15
ALGÈBRE : 240 EXERCICES CORRIGÉS AVEC RÉSUMÉS DE COURS : PREMIERS CYCLES DE L'ENSEIGNEMENT SUPÉRIEUR...,5094669,1,15
L'ALGEBRE DES STRUCTURES,3972157,2,11
LE DÉFI ALGÉBRIQUE TOME 1,5940111,1,15
EXERCICES D'ALGÈBRE. 1,5953476,1,15
INTRODUCTION À LA LOGIQUE : THÉORIE DE LA DÉMONSTRATION : COURS ET EXERCICES,9466948,2,15
EXERCICES EN LANGAGE C++,3900209,2,10
C-C++ LA BIBLE DU PROGRAMMEUR : 1500 ASTUCES POUR TOUTES LES SITUATIONS,4714580,1,15
ALGÉBRE : RAPPELS DE COURS QUESTIONS DE RÉFLEXION EXERCICE D'ENTRAINEMENT ANNALES CORRIGÉES,4804168,1,15
CALCUL DIFFÉRENTIEL DES FONCTIONS DE PLUSIEURS VARIABLES,5969581,1,15
COURS D'ALGÈBRE ET EXERCICES CORRIGÉS,5817912,1,15
COURS D'ALGÈBRE ET EXERCICES CORRIGÉS,5982073,1,30
COURS D'ALGÈBRE ET EXERCICES CORRIGÉS,4693121,1,15
COURS D'ALGÈBRE ET EXERCICES CORRIGÉS,12225988,1,15
COURS D'ALGÈBRE ET EXERCICES CORRIGÉS,4969770,1,30
COURS D'ALGÈBRE ET EXERCICES CORRIGÉS,5090872,1,15
COURS D'ALGÈBRE ET EXERCICES CORRIGÉS,4803960,1,17
COURS D'ALGÈBRE ET EXERCICES CORRIGÉS,5936210,1,17
COURS D'ALGÈBRE ET EXERCICES CORRIGÉS,4846540,1,17
COURS D'ALGÈBRE ET EXERCICES CORRIGÉS,4821230,1,15
COURS D'ALGÈBRE ET EXERCICES CORRIGÉS,5855182,1,15
COURS D'ALGÈBRE ET EXERCICES CORRIGÉS,5113394,1,15
COURS D'ALGÈBRE ET EXERCICES CORRIGÉS,4658170,1,15
COURS D'ALGÈBRE ET EXERCICES CORRIGÉS,4702666,1,15
COURS D'ALGÈBRE ET EXERCICES CORRIGÉS,4822779,1,15
COURS D'ALGÈBRE ET EXERCICES CORRIGÉS,4641390,1,15
COURS D'ALGÈBRE ET EXERCICES CORRIGÉS,4797074,1,15
COURS D'ALGÈBRE ET EXERCICES CORRIGÉS,5829062,1,15
COURS D'ALGÈBRE ET EXERCICES CORRIGÉS,6243736,1,15
COURS D'ALGÈBRE ET EXERCICES CORRIGÉS,5909883,1,17
COURS D'ALGÈBRE ET EXERCICES CORRIGÉS,4884579,1,15
COURS D'ALGÈBRE ET EXERCICES CORRIGÉS,4841255,1,15
COURS D'ALGÈBRE ET EXERCICES CORRIGÉS,4778689,1,17
COURS D'ALGÈBRE ET EXERCICES CORRIGÉS,4803633,1,15
COURS D'ALGÈBRE ET EXERCICES CORRIGÉS,5846417,1,15
COURS D'ALGÈBRE ET EXERCICES CORRIGÉS,5725044,1,15
COURS D'ALGÈBRE ET EXERCICES CORRIGÉS,4724183,1,17
COURS D'ALGÈBRE ET EXERCICES CORRIGÉS,6139597,1,15
COURS D'ALGÈBRE ET EXERCICES CORRIGÉS,5879818,1,15
COURS D'ALGÈBRE ET EXERCICES CORRIGÉS,3801989,2,10
COURS D'ALGÈBRE ET EXERCICES CORRIGÉS,6074927,1,15
COURS D'ALGÈBRE ET EXERCICES CORRIGÉS,4681177,1,15
COURS D'ALGÈBRE ET EXERCICES CORRIGÉS,5871699,1,15
COURS D'ALGÈBRE ET EXERCICES CORRIGÉS,5355534,1,17
COURS D'ALGÈBRE ET EXERCICES CORRIGÉS,6487960,1,15
COURS D'ALGÈBRE ET EXERCICES CORRIGÉS,5729972,1,15
COURS D'ALGÈBRE ET EXERCICES CORRIGÉS,5921079,1,15
COURS D'ALGÈBRE ET EXERCICES CORRIGÉS,9204067,1,17
COURS D'ALGÈBRE ET EXERCICES CORRIGÉS,6543248,1,15
COURS D'ALGÈBRE ET EXERCICES CORRIGÉS,5882965,1,17
COURS D'ALGÈBRE ET EXERCICES CORRIGÉS,6163837,1,15
COURS D'ALGÈBRE ET EXERCICES CORRIGÉS,3849398,2,10
COURS D'ALGÈBRE ET EXERCICES CORRIGÉS,5646637,1,15
COURS D'ALGÈBRE ET EXERCICES CORRIGÉS,4914265,1,15
COURS D'ALGÈBRE ET EXERCICES CORRIGÉS,5758184,1,15
COURS D'ALGÈBRE ET EXERCICES CORRIGÉS,5757575,1,17
COURS D'ALGÈBRE ET EXERCICES CORRIGÉS,5837848,1,15
COURS D'ALGÈBRE ET EXERCICES CORRIGÉS,6017589,1,15
COURS D'ALGÈBRE ET EXERCICES CORRIGÉS,4712505,1,17
S.E.M 300 PAR SES EXAMENS TOME2 : ANALYSE ET ALGÉBRE DE PREMIÉRE ANNÉE DES UNIVERSITÉS ET GRNDES ECOLES SCIENTIFIQUES,6538549,1,15
S.E.M 300 PAR SES EXAMENS TOME2 : ANALYSE ET ALGÉBRE DE PREMIÉRE ANNÉE DES UNIVERSITÉS ET GRNDES ECOLES SCIENTIFIQUES,3849398,2,10
MATHÉMATIQUES RAPPELS ET COURS EXERCICES RÉSOLUS,4019455,2,15
MATHÉMATIQUES RAPPELS ET COURS EXERCICES RÉSOLUS,1353045,2,17
MATHÉMATIQUES RAPPELS ET COURS EXERCICES RÉSOLUS,4803960,1,17
MATHÉMATIQUES RAPPELS ET COURS EXERCICES RÉSOLUS,4593943,1,15
ELÉMENTS DE LA THÉORIE DES PROBABILITÉS T.2,5849714,3,7
ELÉMENTS DE LA THÉORIE DES PROBABILITÉS T.2,4546256,3,7
STRUCTURE DES ORDINATEURS : AUTOUR DU PROCESSEUR,5953476,1,15
TOUT SUR R : ENSEMBLE DES NOMBRES REELS STRUCTURES ALGEBRIQUE ET TOPOLOGIQUE,5822661,1,15
TOUT SUR R : ENSEMBLE DES NOMBRES REELS STRUCTURES ALGEBRIQUE ET TOPOLOGIQUE,4844275,1,17
TOUT SUR R : ENSEMBLE DES NOMBRES REELS STRUCTURES ALGEBRIQUE ET TOPOLOGIQUE,6092419,1,15
TOUT SUR R : ENSEMBLE DES NOMBRES REELS STRUCTURES ALGEBRIQUE ET TOPOLOGIQUE,5997750,1,15
TOUT SUR R : ENSEMBLE DES NOMBRES REELS STRUCTURES ALGEBRIQUE ET TOPOLOGIQUE,5214227,1,17
TOUT SUR R : ENSEMBLE DES NOMBRES REELS STRUCTURES ALGEBRIQUE ET TOPOLOGIQUE,5689795,1,15
TOUT SUR R : ENSEMBLE DES NOMBRES REELS STRUCTURES ALGEBRIQUE ET TOPOLOGIQUE,5528770,1,15
TOUT SUR R : ENSEMBLE DES NOMBRES REELS STRUCTURES ALGEBRIQUE ET TOPOLOGIQUE,5918180,1,17
DE MES CAHIERS D’ANALYSE…SUITES NUMERIQUES : COURS DETAILLE ET EXERCICES RESOLUS,3833503,2,10
"DE MES CAHIERS D’ANALYSE… FONCTIONS RÉELLES D’UNE VARIABLE RÉELLE : LIMITES, CONTINUITÉ ET.. COURS DÉTAILLÉ ET EXERCICES RÉSOLUS",3833503,2,10
"FONCTIONS RÉELLES D'UNE VARIABLE RÉELLE : DÉRIVABILITÉ, DÉRIVÉES, DÉVELOPPEMENTS LIMITÉS",3887590,2,10
"FONCTIONS RÉELLES D'UNE VARIABLE RÉELLE : DÉRIVABILITÉ, DÉRIVÉES, DÉVELOPPEMENTS LIMITÉS",3868919,2,10
ALGORITHMIQUE MODERNE ANALYSE ET COMPLEXITÉ,3920610,2,15
"FONCTIONS RÉELLES D'UNE VARIABLE RÉELLE : DÉRIVABILITÉ, DÉRIVÉES, DÉVELOPPEMENTS LIMITÉS",3934228,2,11
"DE MES CAHIERS D’ANALYSE.. INTÉGRALE DE RIEMANN, CALCUL DE PRIMITIVES, INTÉGRALES IMPROPRES, COURS DÉTAILLÉ ET EXERCICES RÉSOLUS",3761594,2,10
"FONCTIONS RÉELLES D'UNE VARIABLE RÉELLE : DÉRIVABILITÉ, DÉRIVÉES, DÉVELOPPEMENTS LIMITÉS",7582859,3,7
DE MES CAHIERS D’ANALYSE… ÉQUATIONS DIFFÉRENTIELLES ORDINAIRES DU PREMIER ET SECOND ORDRE : ASSISE THÉORIQUE ET APPLICATIONS COURS DÉTAILLÉ ET EXERCICES RÉSOLUS,3887884,2,15
"DE MES CAHIERS D’ANALYSE.. INTÉGRALE DE RIEMANN, CALCUL DE PRIMITIVES, INTÉGRALES IMPROPRES, COURS DÉTAILLÉ ET EXERCICES RÉSOLUS",6083124,2,10
"FONCTIONS DE PLUSIEURS VARIABLES RELLES : IMITES,CONTINUITE,DIFFERENTIABILITÉ ET.... COURS DÉTAILLÉ ET EXERCICES RÉSOLUS",3981992,2,22
"FONCTIONS DE PLUSIEURS VARIABLES RELLES : IMITES,CONTINUITE,DIFFERENTIABILITÉ ET.... COURS DÉTAILLÉ ET EXERCICES RÉSOLUS",3794765,2,17
"FONCTIONS DE PLUSIEURS VARIABLES RELLES : IMITES,CONTINUITE,DIFFERENTIABILITÉ ET.... COURS DÉTAILLÉ ET EXERCICES RÉSOLUS",4042198,2,15
"FONCTIONS DE PLUSIEURS VARIABLES RELLES : IMITES,CONTINUITE,DIFFERENTIABILITÉ ET.... COURS DÉTAILLÉ ET EXERCICES RÉSOLUS",613551,2,15
"FONCTIONS DE PLUSIEURS VARIABLES RELLES : IMITES,CONTINUITE,DIFFERENTIABILITÉ ET.... COURS DÉTAILLÉ ET EXERCICES RÉSOLUS",4041997,2,15
"FONCTIONS DE PLUSIEURS VARIABLES RELLES : IMITES,CONTINUITE,DIFFERENTIABILITÉ ET.... COURS DÉTAILLÉ ET EXERCICES RÉSOLUS",3697210,3,7
"FONCTIONS DE PLUSIEURS VARIABLES RELLES : IMITES,CONTINUITE,DIFFERENTIABILITÉ ET.... COURS DÉTAILLÉ ET EXERCICES RÉSOLUS",8873971,3,7
"FONCTIONS DE PLUSIEURS VARIABLES RELLES : IMITES,CONTINUITE,DIFFERENTIABILITÉ ET.... COURS DÉTAILLÉ ET EXERCICES RÉSOLUS",5764496,2,22
"FONCTIONS DE PLUSIEURS VARIABLES RELLES : IMITES,CONTINUITE,DIFFERENTIABILITÉ ET.... COURS DÉTAILLÉ ET EXERCICES RÉSOLUS",1497743,2,15
"FONCTIONS DE PLUSIEURS VARIABLES RELLES : IMITES,CONTINUITE,DIFFERENTIABILITÉ ET.... COURS DÉTAILLÉ ET EXERCICES RÉSOLUS",1353040,2,15
"FONCTIONS DE PLUSIEURS VARIABLES RELLES : IMITES,CONTINUITE,DIFFERENTIABILITÉ ET.... COURS DÉTAILLÉ ET EXERCICES RÉSOLUS",33,0,16
"FONCTIONS DE PLUSIEURS VARIABLES RELLES : IMITES,CONTINUITE,DIFFERENTIABILITÉ ET.... COURS DÉTAILLÉ ET EXERCICES RÉSOLUS",3843354,2,15
"FONCTIONS DE PLUSIEURS VARIABLES RELLES : IMITES,CONTINUITE,DIFFERENTIABILITÉ ET.... COURS DÉTAILLÉ ET EXERCICES RÉSOLUS",3818108,2,22
"FONCTIONS DE PLUSIEURS VARIABLES RELLES : IMITES,CONTINUITE,DIFFERENTIABILITÉ ET.... COURS DÉTAILLÉ ET EXERCICES RÉSOLUS",3846231,2,17
"FONCTIONS DE PLUSIEURS VARIABLES RELLES : IMITES,CONTINUITE,DIFFERENTIABILITÉ ET.... COURS DÉTAILLÉ ET EXERCICES RÉSOLUS",3844848,2,17
"FONCTIONS DE PLUSIEURS VARIABLES RELLES : IMITES,CONTINUITE,DIFFERENTIABILITÉ ET.... COURS DÉTAILLÉ ET EXERCICES RÉSOLUS",3905925,2,15
"FONCTIONS DE PLUSIEURS VARIABLES RELLES : IMITES,CONTINUITE,DIFFERENTIABILITÉ ET.... COURS DÉTAILLÉ ET EXERCICES RÉSOLUS",3720145,2,15
"FONCTIONS DE PLUSIEURS VARIABLES RELLES : IMITES,CONTINUITE,DIFFERENTIABILITÉ ET.... COURS DÉTAILLÉ ET EXERCICES RÉSOLUS",3898205,2,15
INTRODUCTION A L'ARCHITECTURE DES ORDINATEURS,5902236,1,15
"FONCTIONS DE PLUSIEURS VARIABLES RELLES : IMITES,CONTINUITE,DIFFERENTIABILITÉ ET.... COURS DÉTAILLÉ ET EXERCICES RÉSOLUS",3914046,2,17
"FONCTIONS DE PLUSIEURS VARIABLES RELLES : IMITES,CONTINUITE,DIFFERENTIABILITÉ ET.... COURS DÉTAILLÉ ET EXERCICES RÉSOLUS",3890281,2,17
"FONCTIONS DE PLUSIEURS VARIABLES RELLES : IMITES,CONTINUITE,DIFFERENTIABILITÉ ET.... COURS DÉTAILLÉ ET EXERCICES RÉSOLUS",3826460,2,15
"FONCTIONS DE PLUSIEURS VARIABLES RELLES : IMITES,CONTINUITE,DIFFERENTIABILITÉ ET.... COURS DÉTAILLÉ ET EXERCICES RÉSOLUS",3831059,2,17
"FONCTIONS DE PLUSIEURS VARIABLES RELLES : IMITES,CONTINUITE,DIFFERENTIABILITÉ ET.... COURS DÉTAILLÉ ET EXERCICES RÉSOLUS",3913555,2,15
"FONCTIONS DE PLUSIEURS VARIABLES RELLES : IMITES,CONTINUITE,DIFFERENTIABILITÉ ET.... COURS DÉTAILLÉ ET EXERCICES RÉSOLUS",3942847,2,15
"FONCTIONS DE PLUSIEURS VARIABLES RELLES : IMITES,CONTINUITE,DIFFERENTIABILITÉ ET.... COURS DÉTAILLÉ ET EXERCICES RÉSOLUS",4026460,2,15
"FONCTIONS DE PLUSIEURS VARIABLES RELLES : IMITES,CONTINUITE,DIFFERENTIABILITÉ ET.... COURS DÉTAILLÉ ET EXERCICES RÉSOLUS",5929133,2,15
"FONCTIONS DE PLUSIEURS VARIABLES RELLES : IMITES,CONTINUITE,DIFFERENTIABILITÉ ET.... COURS DÉTAILLÉ ET EXERCICES RÉSOLUS",3907997,2,15
"FONCTIONS DE PLUSIEURS VARIABLES RELLES : IMITES,CONTINUITE,DIFFERENTIABILITÉ ET.... COURS DÉTAILLÉ ET EXERCICES RÉSOLUS",3944893,2,15
"FONCTIONS DE PLUSIEURS VARIABLES RELLES : IMITES,CONTINUITE,DIFFERENTIABILITÉ ET.... COURS DÉTAILLÉ ET EXERCICES RÉSOLUS",11904505,2,15
"FONCTIONS DE PLUSIEURS VARIABLES RELLES : IMITES,CONTINUITE,DIFFERENTIABILITÉ ET.... COURS DÉTAILLÉ ET EXERCICES RÉSOLUS",3940328,2,22
"FONCTIONS DE PLUSIEURS VARIABLES RELLES : IMITES,CONTINUITE,DIFFERENTIABILITÉ ET.... COURS DÉTAILLÉ ET EXERCICES RÉSOLUS",3785749,2,15
"FONCTIONS DE PLUSIEURS VARIABLES RELLES : IMITES,CONTINUITE,DIFFERENTIABILITÉ ET.... COURS DÉTAILLÉ ET EXERCICES RÉSOLUS",5286750,3,17
"FONCTIONS DE PLUSIEURS VARIABLES RELLES : IMITES,CONTINUITE,DIFFERENTIABILITÉ ET.... COURS DÉTAILLÉ ET EXERCICES RÉSOLUS",3917309,2,15
"FONCTIONS DE PLUSIEURS VARIABLES RELLES : IMITES,CONTINUITE,DIFFERENTIABILITÉ ET.... COURS DÉTAILLÉ ET EXERCICES RÉSOLUS",4008333,2,15
"FONCTIONS DE PLUSIEURS VARIABLES RELLES : IMITES,CONTINUITE,DIFFERENTIABILITÉ ET.... COURS DÉTAILLÉ ET EXERCICES RÉSOLUS",3675102,2,17
"FONCTIONS DE PLUSIEURS VARIABLES RELLES : IMITES,CONTINUITE,DIFFERENTIABILITÉ ET.... COURS DÉTAILLÉ ET EXERCICES RÉSOLUS",3850780,2,15
"FONCTIONS DE PLUSIEURS VARIABLES RELLES : IMITES,CONTINUITE,DIFFERENTIABILITÉ ET.... COURS DÉTAILLÉ ET EXERCICES RÉSOLUS",3848013,2,15
"FONCTIONS DE PLUSIEURS VARIABLES RELLES : IMITES,CONTINUITE,DIFFERENTIABILITÉ ET.... COURS DÉTAILLÉ ET EXERCICES RÉSOLUS",3787227,2,15
"FONCTIONS DE PLUSIEURS VARIABLES RELLES : IMITES,CONTINUITE,DIFFERENTIABILITÉ ET.... COURS DÉTAILLÉ ET EXERCICES RÉSOLUS",3753569,2,15
"FONCTIONS DE PLUSIEURS VARIABLES RELLES : IMITES,CONTINUITE,DIFFERENTIABILITÉ ET.... COURS DÉTAILLÉ ET EXERCICES RÉSOLUS",3784162,2,15
"FONCTIONS DE PLUSIEURS VARIABLES RELLES : IMITES,CONTINUITE,DIFFERENTIABILITÉ ET.... COURS DÉTAILLÉ ET EXERCICES RÉSOLUS",9489524,2,15
"FONCTIONS DE PLUSIEURS VARIABLES RELLES : IMITES,CONTINUITE,DIFFERENTIABILITÉ ET.... COURS DÉTAILLÉ ET EXERCICES RÉSOLUS",8354464,3,7
"FONCTIONS DE PLUSIEURS VARIABLES RELLES : IMITES,CONTINUITE,DIFFERENTIABILITÉ ET.... COURS DÉTAILLÉ ET EXERCICES RÉSOLUS",3834965,2,15
"FONCTIONS DE PLUSIEURS VARIABLES RELLES : IMITES,CONTINUITE,DIFFERENTIABILITÉ ET.... COURS DÉTAILLÉ ET EXERCICES RÉSOLUS",3789766,2,15
ALGEBRE 1 : RAPPELS DE COURS ET EXERCICES AVEC SOLUTIONS,4761262,1,7
ALGEBRE 1 : RAPPELS DE COURS ET EXERCICES AVEC SOLUTIONS,4599454,1,15
ALGEBRE 1 : RAPPELS DE COURS ET EXERCICES AVEC SOLUTIONS,5528770,1,15
ALGEBRE 1 : RAPPELS DE COURS ET EXERCICES AVEC SOLUTIONS,5157411,1,15
ALGEBRE 1 : RAPPELS DE COURS ET EXERCICES AVEC SOLUTIONS,5868325,1,15
ALGEBRE 1 : RAPPELS DE COURS ET EXERCICES AVEC SOLUTIONS,5291820,1,32
ALGEBRE 1 : RAPPELS DE COURS ET EXERCICES AVEC SOLUTIONS,4639232,1,15
ALGEBRE 1 : RAPPELS DE COURS ET EXERCICES AVEC SOLUTIONS,6499597,1,17
ALGEBRE 1 : RAPPELS DE COURS ET EXERCICES AVEC SOLUTIONS,5754033,1,17
ALGEBRE 1 : RAPPELS DE COURS ET EXERCICES AVEC SOLUTIONS,5371721,1,15
ALGEBRE 1 : RAPPELS DE COURS ET EXERCICES AVEC SOLUTIONS,5103553,1,17
ALGEBRE 1 : RAPPELS DE COURS ET EXERCICES AVEC SOLUTIONS,5987302,1,7
ALGEBRE 1 : RAPPELS DE COURS ET EXERCICES AVEC SOLUTIONS,5106186,1,15
ALGEBRE 1 : RAPPELS DE COURS ET EXERCICES AVEC SOLUTIONS,5214227,1,15
ALGEBRE 1 : RAPPELS DE COURS ET EXERCICES AVEC SOLUTIONS,5026541,1,15
ALGEBRE 1 : RAPPELS DE COURS ET EXERCICES AVEC SOLUTIONS,4778689,1,17
ALGEBRE 1 : RAPPELS DE COURS ET EXERCICES AVEC SOLUTIONS,5822661,1,15
ALGEBRE 1 : RAPPELS DE COURS ET EXERCICES AVEC SOLUTIONS,5830343,1,15
ALGEBRE 1 : RAPPELS DE COURS ET EXERCICES AVEC SOLUTIONS,4830910,1,17
ALGEBRE 1 : RAPPELS DE COURS ET EXERCICES AVEC SOLUTIONS,4792948,1,15
ALGEBRE 1 : RAPPELS DE COURS ET EXERCICES AVEC SOLUTIONS,5918180,1,17
ALGEBRE 1 : RAPPELS DE COURS ET EXERCICES AVEC SOLUTIONS,4844275,1,15
ALGEBRE 1 : RAPPELS DE COURS ET EXERCICES AVEC SOLUTIONS,4594535,1,15
ALGEBRE 1 : RAPPELS DE COURS ET EXERCICES AVEC SOLUTIONS,5935766,1,15
ALGEBRE 1 : RAPPELS DE COURS ET EXERCICES AVEC SOLUTIONS,4620053,1,15
ALGEBRE 1 : RAPPELS DE COURS ET EXERCICES AVEC SOLUTIONS,5013865,1,32
ALGEBRE 1 : RAPPELS DE COURS ET EXERCICES AVEC SOLUTIONS,5817912,1,15
ALGEBRE 1 : RAPPELS DE COURS ET EXERCICES AVEC SOLUTIONS,4724183,1,17
ALGEBRE 1 : RAPPELS DE COURS ET EXERCICES AVEC SOLUTIONS,6543248,1,15
ALGEBRE 1 : RAPPELS DE COURS ET EXERCICES AVEC SOLUTIONS,5730343,1,15
ALGEBRE 1 : RAPPELS DE COURS ET EXERCICES AVEC SOLUTIONS,4803991,1,32
ALGEBRE 1 : RAPPELS DE COURS ET EXERCICES AVEC SOLUTIONS,4594767,1,32
ALGEBRE 1 : RAPPELS DE COURS ET EXERCICES AVEC SOLUTIONS,3984959,2,11
ALGEBRE 1 : RAPPELS DE COURS ET EXERCICES AVEC SOLUTIONS,4724446,1,15
ALGEBRE 1 : RAPPELS DE COURS ET EXERCICES AVEC SOLUTIONS,5936748,1,15
ALGEBRE 1 : RAPPELS DE COURS ET EXERCICES AVEC SOLUTIONS,4775952,1,15
ALGEBRE 1 : RAPPELS DE COURS ET EXERCICES AVEC SOLUTIONS,5854541,1,17
ALGEBRE 1 : RAPPELS DE COURS ET EXERCICES AVEC SOLUTIONS,4693121,1,15
ALGEBRE 1 : RAPPELS DE COURS ET EXERCICES AVEC SOLUTIONS,5904893,1,17
ALGEBRE 1 : RAPPELS DE COURS ET EXERCICES AVEC SOLUTIONS,5646637,1,15
ALGEBRE 1 : RAPPELS DE COURS ET EXERCICES AVEC SOLUTIONS,4776818,1,15
ALGEBRE 1 : RAPPELS DE COURS ET EXERCICES AVEC SOLUTIONS,4593943,1,15
ALGEBRE 1 : RAPPELS DE COURS ET EXERCICES AVEC SOLUTIONS,5900148,1,15
ALGEBRE 1 : RAPPELS DE COURS ET EXERCICES AVEC SOLUTIONS,5262108,1,15
ALGEBRE 1 : RAPPELS DE COURS ET EXERCICES AVEC SOLUTIONS,12225988,1,17
ALGEBRE 1 : RAPPELS DE COURS ET EXERCICES AVEC SOLUTIONS,4803960,1,17
ALGEBRE 1 : RAPPELS DE COURS ET EXERCICES AVEC SOLUTIONS,4810546,1,15
ALGEBRE 1 : RAPPELS DE COURS ET EXERCICES AVEC SOLUTIONS,5355534,1,17
ALGEBRE 1 : RAPPELS DE COURS ET EXERCICES AVEC SOLUTIONS,5846417,1,15
ALGEBRE 1 : RAPPELS DE COURS ET EXERCICES AVEC SOLUTIONS,6429571,1,15
ALGEBRE 1 : RAPPELS DE COURS ET EXERCICES AVEC SOLUTIONS,5758184,1,15
ANALYSE 2 : RAPPELS DE COURS ET EXERCICES AVEC SOLUTIONS,1398293,2,17
ANALYSE 2 : RAPPELS DE COURS ET EXERCICES AVEC SOLUTIONS,4042198,2,15
ANALYSE 2 : RAPPELS DE COURS ET EXERCICES AVEC SOLUTIONS,3785749,2,15
ANALYSE 2 : RAPPELS DE COURS ET EXERCICES AVEC SOLUTIONS,4020285,2,15
ANALYSE 2 : RAPPELS DE COURS ET EXERCICES AVEC SOLUTIONS,3835154,2,15
PROBABILITES : RAPPELS DE COURS ET EXERCICES CORRIGES,3883193,2,15
PROBABILITES : RAPPELS DE COURS ET EXERCICES CORRIGES,4026460,2,15
PROBABILITES : RAPPELS DE COURS ET EXERCICES CORRIGES,3907997,2,15
PROBABILITES : RAPPELS DE COURS ET EXERCICES CORRIGES,5286750,3,17
PROBABILITES : RAPPELS DE COURS ET EXERCICES CORRIGES,3890281,2,17
PROBABILITES : RAPPELS DE COURS ET EXERCICES CORRIGES,3938888,2,15
PROBABILITES : RAPPELS DE COURS ET EXERCICES CORRIGES,3981992,2,22
PROBABILITES : RAPPELS DE COURS ET EXERCICES CORRIGES,3785749,2,15
"STATISTIQUE : COURS ET EXERCICES, POUR LES ÉTUDIANTS DU TRONC COMMUN BIO-MÉDICAL",3746319,3,7
DE L'ALGÈBRE DE BOOLE AUX CIRCUITS NUMÉRIQUES : COURS ET APPLICATIONS,4724183,1,17
DE L'ALGÈBRE DE BOOLE AUX CIRCUITS NUMÉRIQUES : COURS ET APPLICATIONS,5291820,1,15
DE L'ALGÈBRE DE BOOLE AUX CIRCUITS NUMÉRIQUES : COURS ET APPLICATIONS,5306241,1,15
DE L'ALGÈBRE DE BOOLE AUX CIRCUITS NUMÉRIQUES : COURS ET APPLICATIONS,4884579,1,15
RÉSEAUX INFORMATIQUES : RECUEIL DE SUJETS D'EXAMENS AVEC SOLUTIONS,11729923,3,15
ALGORITHMIQUE MODERNE ANALYSE ET COMPLEXITÉ,5902236,1,15
CALCUL DIFFERENTIEL ET INTEGRAL TOME 01,7361389,4,10
LECTURE NOTES IN ENGLISH FOR COMPUTING,4724446,1,15
COURS D'ALGÈBRE ET EXERCICES CORRIGÉS,3786912,2,15
COURS D'ALGÈBRE ET EXERCICES CORRIGÉS,5106186,1,15
COURS D'ALGÈBRE ET EXERCICES CORRIGÉS,4844275,1,15
COURS D'ALGÈBRE ET EXERCICES CORRIGÉS,5973082,1,15
COURS D'ALGÈBRE ET EXERCICES CORRIGÉS,4685823,1,15
COURS D'ALGÈBRE ET EXERCICES CORRIGÉS,6429571,1,15
COURS D'ALGÈBRE ET EXERCICES CORRIGÉS,5725866,1,15
COURS D'ALGÈBRE ET EXERCICES CORRIGÉS,4810284,1,15
PROGRAMMATION LINÉAIRE,11729923,3,15
MATHÉMATIQUES RAPPELS ET COURS EXERCICES RÉSOLUS,5902236,1,15
MATHÉMATIQUES RAPPELS ET COURS EXERCICES RÉSOLUS,4954660,1,15
MATHÉMATIQUES RAPPELS ET COURS EXERCICES RÉSOLUS,4776818,1,15
MATHÉMATIQUES RAPPELS ET COURS EXERCICES RÉSOLUS,5896724,1,15
ELÉMENTS DE LA THÉORIE DES PROBABILITÉS T.1,3857844,2,15
ELÉMENTS DE LA THÉORIE DES PROBABILITÉS T.1,3681789,2,15
ALGORITHMIQUE ET STRUCTURES DE DONNÉES STATIQUES : COURS ET EXERCICES AVEC SOLUTIONS,5829062,1,15
ELÉMENTS DE LA THÉORIE DES PROBABILITÉS T.1,3784162,2,15
ELÉMENTS DE LA THÉORIE DES PROBABILITÉS T.1,3834965,2,15
ELÉMENTS DE LA THÉORIE DES PROBABILITÉS T.1,3917309,2,15
ALGORITHMIQUE ET STRUCTURES DE DONNÉES STATIQUES : COURS ET EXERCICES AVEC SOLUTIONS,6487960,1,15
ELÉMENTS DE LA THÉORIE DES PROBABILITÉS T.2,3681789,2,15
ALGORITHMIQUE ET STRUCTURES DE DONNÉES STATIQUES : COURS ET EXERCICES AVEC SOLUTIONS,4840143,1,15
ALGORITHMIQUE : COURS ET EXERCICES CORRIGÉS,4594535,1,15
ALGORITHMIQUE : COURS ET EXERCICES CORRIGÉS,4797074,1,15
ANT COLONY OPTIMIZATION,7365427,4,10
BIG DATA ANALYTICS WITH APPLICATIONS IN INSIDER THREAT DETECTION,24,0,15
"FONCTIONS DE PLUSIEURS VARIABLES RELLES : IMITES,CONTINUITE,DIFFERENTIABILITÉ ET.... COURS DÉTAILLÉ ET EXERCICES RÉSOLUS",3883193,2,15
ELEMENTS D'ANALYSE NUMERIQUE,3938888,2,15
MATHEMATICAL LOGIC,3834965,2,15
MATHEMATICAL LOGIC,3837696,2,17
MATHEMATICAL LOGIC,3784162,2,15
MATHEMATICAL LOGIC,4,0,30
MATHEMATICAL LOGIC,3903332,2,17
FUNDAMENTALS OF DATABASE SYSTEMS,3857844,2,15
SOFTWARE ENGINEERING,3973360,3,15
SOFTWARE ENGINEERING,11690992,3,15
"REINFORCEMENT LEARNING, AN INTRODUCTION",en01,0,302
PATTERN RECOGNITION AND MACHINE LEARNING,7598127,3,15
"HANDS ON MACHINE LEARNING WITH SCIKIT-LEARN, KERAS, AND TENSORFLOW : CONCEPTS, TOOLS, AND TECHNIQUES TO BUILD INTELLIGENT SYSTEMS",12024,0,16
"HANDS ON MACHINE LEARNING WITH SCIKIT-LEARN, KERAS, AND TENSORFLOW : CONCEPTS, TOOLS, AND TECHNIQUES TO BUILD INTELLIGENT SYSTEMS",2325493,4,15
THE HUNDRED-PAGE MACHINE LEARNING BOOK,7341025,4,22
MATHEMATICS FOR MACHINE LEARNING,3937577,2,15
DEEP LEARNING WITH PYTHON,7341025,4,15
DEEP LEARNING WITH PYTHON,3921150,2,10
INTRODUCTION TO THE DESIGN AND ANALYSIS OF ALGORITHMS,3699470,2,17
INTRODUCTION TO THE DESIGN AND ANALYSIS OF ALGORITHMS,613551,2,15
INTRODUCTION TO THE DESIGN AND ANALYSIS OF ALGORITHMS,3914403,2,15
MACHINE LEARNING AVEC SCIKIT-LEARN,7347085,4,15
MACHINE LEARNING AVEC SCIKIT-LEARN,8538378,3,15
FOUNDATIONS OF MACHINE LEARNING,1126720,3,15
COMPUTER NETWORKING : A TOP-DOWN APPROACH,4549500,3,15
A FIRST COURSE IN PROBABILITY,3905925,2,15
A FIRST COURSE IN PROBABILITY,613551,2,15
NEURAL NETWORKS AND DEEP LEARNING,788395,0,15
NEURAL NETWORKS AND DEEP LEARNING,12024,0,16
EFFECTIVE MODERN C++ : 42 SPECIFIC WAYS TO IMPROVE YOUR USE OF C++11 AND C++14,3940328,2,15
ADVANCED CYBERSECURITY TECHNOLOGIES,11782102,3,22
ADVANCED CYBERSECURITY TECHNOLOGIES,7341025,4,15
ADVANCED DATA STRUCTURES: THEORY AND APPLICATIONS,4854412,1,15
AGILE STRATEGY MANAGEMENT : TECHNIQUES FOR CONTINUOUS ALIGNMENT AND IMPROVEMENT,8088002,4,15
AGILE STRATEGY MANAGEMENT : TECHNIQUES FOR CONTINUOUS ALIGNMENT AND IMPROVEMENT,ex1,1,15
ARTIFICIAL INTELLIGENCE : WITH AN INTRODUCTION TO MACHINE LEARNING,7598127,3,15
ARTIFICIAL INTELLIGENCE AND MACHINE LEARNING IN 2D-3D MEDICAL IMAGE PROCESSING,2336840,4,15
COMPUTER ORGANIZATION AND ARCHITECTURE : DESIGNING FOR PERFORMANCE - GLOBAL EDITION,32,0,15
UNDERSTANDING ANALYSIS,9466948,2,15
CAMBRIDGE ENGLISH SKILLS REAL LISTENING AND SPEAKING 1,32,0,15
CAMBRIDGE ENGLISH SKILLS REAL LISTENING AND SPEAKING 2,32,0,15
"SUPERINTELLIGENCE : PATHS, DANGERS, STRATEGIES",4599689,1,32
COMPUTER VISION ALGORITHMS AND APPLICATIONS : ALGORITHMS AND APPLICATIONS,788395,0,15
COMPUTER VISION ALGORITHMS AND APPLICATIONS : ALGORITHMS AND APPLICATIONS,12024,0,16
"DATABASE SYSTEMS : DESIGN, IMPLEMENTATION, & MANAGEMENT",en01,0,302
COMPUTER VISION : A MODERN APPROACH,788395,0,15
EXERCICES EN LANGAGE C++ : 178 EXERCICES CORRIGÉS,4594535,1,15
EXERCICES EN LANGAGE C++ : 178 EXERCICES CORRIGÉS,4620053,1,15
EXERCICES EN LANGAGE C++ : 178 EXERCICES CORRIGÉS,4817091,1,17
EXERCICES EN LANGAGE C++ : 178 EXERCICES CORRIGÉS,4775952,1,15
EXERCICES EN LANGAGE C++ : 178 EXERCICES CORRIGÉS,4840143,1,15
"BASES DE DONNÉES : CONCEPTS, UTILISATION ET DÉVELOPPEMENT",3837696,2,17
EXERCICES CORRIGÉS D'ALGÈBRE,5879818,1,15
EXERCICES CORRIGÉS D'ALGÈBRE,4668317,1,15
EXERCICES CORRIGÉS D'ALGÈBRE,4804417,1,15
EXERCICES CORRIGÉS D'ALGÈBRE,5116934,1,17
EXERCICES CORRIGÉS D'ALGÈBRE,6010862,1,15
EXERCICES CORRIGÉS D'ALGÈBRE,2336840,4,15
مهارات التفكير النقدي : لدى طلاب الجامعات العربية,4593943,1,17
PROGRAMMER EN C++ : DES PREMIERS PAS À LA MAÎTRISE DE C++ 20,5116934,1,15
PROGRAMMER EN C++ : DES PREMIERS PAS À LA MAÎTRISE DE C++ 20,4778689,1,15
PATTERN RECOGNITION AND NEURAL NETWORKS,7370112,4,10
PROBABILITÉS ET INTRODUCTION À LA STATISTIQUE,1352515,2,15
WIRELESS MEDICAL SYSTEMS AND ALGORITHMS : DESIGN AND APPLICATIONS,9549527,2,15
LOGIQUE MATHÉMATIQUE : COURS ET EXERCICES CORRIGÉS,3743883,4,10
LOGIQUE MATHÉMATIQUE : COURS ET EXERCICES CORRIGÉS,9549527,2,15
LOGIQUE MATHÉMATIQUE : COURS ET EXERCICES CORRIGÉS,4,0,30
ALGÈBRE 1RE ANNÉE,4822779,1,15
ALGÈBRE 1RE ANNÉE,5306241,1,15
ALGÈBRE 1RE ANNÉE,11885143,1,32
ALGÈBRE 1RE ANNÉE,6010862,1,15
ALGÈBRE 1RE ANNÉE,3802346,2,11
PRINCIPES D'ANALYSE MATHÉMATIQUE : COURS ET EXERCICES,1291614,3,7
PROGRAMMATION PYTHON PAR LA PRATIQUE,8499357,3,7
PYTHON POUR LE DATA SCIENTIST : DES BASES DU LANGAGE AU MACHINE LEARNING,9193555,4,17
"PASS BIOSTATISTIQUES, PROBABILITÉS, MATHÉMATIQUES : PARCOURS SANTÉ & L.AS",3789766,2,15
"PASS BIOSTATISTIQUES, PROBABILITÉS, MATHÉMATIQUES : PARCOURS SANTÉ & L.AS",3920610,2,15
PARLER ET FAIRE UNE PRÉSENTATION EN PUBLIC EN TOUTE CONFIANCE : APPRENDRE,1138472,3,7
ANATOMIE ET PHYSIOLOGIE HUMAINES,7365427,4,10
MARKETING MANAGEMENT,5338926,3,17
LE MBA VISUEL : DEUX ANNÉES DE MBA EN UN UN SEUL LIVRE DANS LEQUEL UN DESSIN VAUT MIEUX QUE 1000 MOT,3789148,2,15
PENSER COMME UN MILLIONAIRE :CHANGER SES HABITUDES POUR RÉUSSIR ET ÉTRE HEUREUX,5882965,1,17
DÉVELOPPER DES BASES DE DONNÉES WEB AVEC LA PLATEFORME .NET : ÉTAPE PAR ÉTAPE,7355082,4,10
"INTRODUCTION AU TRAITEMENT D'IMAGES : THÉORIES, ALGORITHMES, APPLICATIONS",9193555,4,17
TOUT LE PROGRAMME DE MATHÉMATIQUE EN BCPTI 1 : AVEC 1000 EXERCICES ET PROBLÈMES,5846417,1,15
"LES MATHÉMATIQUES EN LICENCE : COURS ET EXERCICES RÉSOLUS, 2E ANNÉE. TOME1",7345484,4,10
RECHERCHE OPÉRATIONNELLE POUR INGÉNIEURS. 2,11729923,3,15
400 EXERCICES CORRIGÉS D'ALGÈBRE AVEC RAPPELS DE COURS POUR SPÉ MP-MP*,4,0,30
"CALCUL DES PROBABILITÉS : COURS, EXERCICES ET PROBLÈMES CORRIGÉS",3776257,2,15
"INTRODUCTION A L'ANALYSE MATHÉMATIQUE. T. 3, INTÉGRATION, CALCULS DES PRIMITIVES, ÉQUATIONS DIFFÉRENTIELLES",7354703,4,10
ANALYSE PC-PSI-PT : 2E ANNÉE : COURS ET 800 EXERCICES CORRIGÉS,3892332,3,15
PROBABILITÉ : EXERCICES CORRIGÉS,1352515,2,15
ALGÈBRE : COURS ET EXERCICES AVEC SOLUTIONS,4712505,1,17
"CHAINES DE MARKOV : COURS, EXERCICES ET CORRIGÉS DÉTAILLÉS",6908574,3,17
APPRENDRE LE C++,5689795,1,15
PROGRAMMER EN C++,6139597,1,15
C++,5754033,1,17
APPRENDRE JAVA ET C++ EN PARALLÈLE,4954660,1,15
COMMENT PROGRAMMER EN C++,3838796,2,11
INITIATION L'ALGORITHMIQUE,8,1,15
INITIATION L'ALGORITHMIQUE,5116934,1,17
INITIATION L'ALGORITHMIQUE,3825689,2,11
ANALYSE : FONCTIONS DE PLUSIEURS VARIABLES ET GÉOMÉTRIE ANALYTIQUE,3898205,2,15
"ANALYSE MP : COURS, MÉTHODES ET EXERCICES CORRIGÉS",3882060,2,15
ANALYS CONCEPT ET CONTEXTES : VOLUME 2 .FONCTIONS DE PLUSIEURS VARIABLES,3857844,2,22
"FORMULES DE TAYLOR, DÉVELOPPEMENTS LIMITÉS : L1, L2, L3, CLASSES PRÉPARATOIRES",3,0,15
EXERCICES CORRIGÉS D'ANALYSE : 1ÈRE ANNÉE LMD,3800446,2,10
